image_name,dish_number,radius,thickness,center_x,center_y
swarm808,1,121.0,24.200000000000003,122,145
swarm808,2,81.0,16.2,82,105
swarm808,3,90.0,18.0,97,122
swarm808,4,92.0,18.400000000000002,129,106
swarm808,5,89.0,10.0,126,135
swarm808,6,95.0,19.0,132,100
swarm809,1,90.0,7.0,119,152
swarm809,2,83.0,16.6,84,105
swarm809,3,94.0,18.8,96,122
swarm809,4,96.0,11.0,124,110
swarm809,5,97.0,19.400000000000002,129,140
swarm809,6,97.0,19.400000000000002,130,98
