image_name,dish_number,radius,thickness,center_x,center_y
swarm808,1,178.0,35.6,179,188
swarm808,2,143.0,28.6,144,156
swarm808,3,131.0,26.200000000000003,146,140
swarm808,4,93.0,18.6,127,113
swarm808,5,91.0,18.2,136,146
swarm808,6,97.0,19.400000000000002,128,104
swarm809,1,175.0,35.0,176,187
swarm809,2,134.0,26.8,141,158
swarm809,3,119.0,23.8,144,141
swarm809,4,94.0,18.8,126,112
swarm809,5,93.0,18.6,135,142
swarm809,6,99.0,19.8,124,101
