image_name,dish_number,radius,thickness,center_x,center_y
swarm808,1,84.0,4.0,112,127
swarm808,2,89.0,9.0,149,136
swarm808,3,148.0,29.6,150,149
swarm808,4,122.0,24.400000000000002,187,123
swarm808,5,75.0,15.0,76,123
swarm808,6,130.0,26.0,131,164
swarm809,1,93.0,18.6,110,126
swarm809,2,96.0,19.200000000000003,147,133
swarm809,3,134.0,26.8,153,151
swarm809,4,97.0,19.400000000000002,185,124
swarm809,5,49.0,11.0,65,121
swarm809,6,111.0,22.200000000000003,126,165
