image_name,dish_number,radius,thickness,center_x,center_y
swarm808,1,112.0,22.400000000000002,122,146
swarm808,2,89.0,9.0,135,99
swarm808,3,92.0,18.400000000000002,141,111
swarm808,4,98.0,19.6,146,131
swarm808,5,90.0,18.0,116,155
swarm808,6,95.0,12.0,166,135
swarm809,1,111.0,22.200000000000003,119,147
swarm809,2,96.0,12.0,133,99
swarm809,3,97.0,19.400000000000002,140,105
swarm809,4,97.0,19.400000000000002,149,135
swarm809,5,95.0,19.0,115,156
swarm809,6,100.0,12.0,167,135
