image_name,dish_number,radius,thickness,center_x,center_y
swarm808,1,109.0,21.8,119,110
swarm808,2,92.0,18.400000000000002,142,107
swarm808,3,97.0,19.400000000000002,139,120
swarm808,4,85.0,16.0,123,123
swarm808,5,94.0,18.8,112,126
swarm808,6,88.0,19.0,138,112
swarm809,1,86.0,16.0,123,108
swarm809,2,96.0,19.200000000000003,143,107
swarm809,3,101.0,20.200000000000003,138,121
swarm809,4,90.0,18.0,122,122
swarm809,5,90.0,13.0,113,120
swarm809,6,95.0,19.0,140,116
