image_name,dish_number,radius,thickness,center_x,center_y
swarm808,1,85.0,6.0,113,114
swarm808,2,92.0,18.400000000000002,122,163
swarm808,3,103.0,20.6,125,149
swarm808,4,100.0,20.0,135,118
swarm808,5,116.0,23.200000000000003,131,141
swarm808,6,94.0,11.0,156,178
swarm809,1,111.0,22.200000000000003,122,112
swarm809,2,96.0,19.200000000000003,119,161
swarm809,3,100.0,20.0,122,150
swarm809,4,98.0,19.6,131,120
swarm809,5,97.0,19.400000000000002,130,151
swarm809,6,144.0,28.8,151,171
